{
  "Freja": [
    59.4316286,
    18.0547168
  ],
  "Frösunda": [
    59.3674645,
    18.0144468
  ],
  "Kungshamra": [
    59.3821106,
    18.0267543
  ],
  "Lappkärrsberget": [
    59.3700414,
    18.0610925
  ],
  "Pax": [
    59.3479926,
    18.0012792
  ],
  "Strix": [
    59.3496816,
    18.0038842
  ],
  "Balder": [
    59.3130233,
    18.200059
  ],
  "Birka": [
    59.2888958,
    18.1186798
  ],
  "Embla": [
    59.3033498,
    18.0982887
  ],
  "Flemingsberg": [
    59.2243793,
    17.9364664
  ],
  "Skärmarbrink": [
    59.2951287,
    18.0942222
  ],
  "Apeln": [
    59.3353549,
    18.059838
  ],
  "Domus": [
    59.3487592,
    18.0638868
  ],
  "Forum": [
    59.3483203,
    18.0651983
  ],
  "Fyrtalet": [
    59.3474344,
    18.1029193
  ],
  "Hugin & Munin": [
    59.3459726,
    18.1112291
  ],
  "Idun": [
    59.3444977,
    18.0299993
  ],
  "Jerum": [
    59.3486682,
    18.0949179
  ],
  "Kurland": [
    59.3384076,
    18.058566
  ],
  "Lucidor": [
    59.3247572,
    18.070482
  ],
  "Marieberg": [
    59.3264718,
    18.0212997
  ],
  "Mjölner": [
    59.3452479,
    18.0833266
  ],
  "Nyponet": [
    59.3493572,
    18.0626336
  ],
  "Roslagstull": [
    59.3514228,
    18.0584626
  ],
  "Tanto": [
    59.3101897,
    18.0472409
  ],
  "Vätan": [
    59.337334,
    18.068756
  ]
}